0.000000000000000000e+00,8.382984776830091356e-01,4.003084443420896754e-01
0.000000000000000000e+00,5.324430893133597076e-01,7.722235198648446097e-01
0.000000000000000000e+00,4.208534488337098978e-01,8.458228364180443437e-01
0.000000000000000000e+00,8.407331774012598569e-01,2.010385338930719135e-01
0.000000000000000000e+00,4.322892369351631903e-01,1.007129751262066941e-01
0.000000000000000000e+00,8.969740397805616716e-01,9.099826312469945222e-01
0.000000000000000000e+00,6.887607777345331472e-01,8.476592891812445574e-01
1.000000000000000000e+00,2.480822083003635381e-01,2.537137454810755033e-01
0.000000000000000000e+00,7.819514122121051791e-01,7.751045545101831191e-01
0.000000000000000000e+00,9.851556771503213739e-01,8.534916944141127670e-01
0.000000000000000000e+00,7.700485556511535989e-01,1.895088668204115701e-01
0.000000000000000000e+00,9.855990391270854634e-01,4.526506529438639737e-01
0.000000000000000000e+00,7.462271074173477681e-01,9.469515982620324568e-02
0.000000000000000000e+00,8.924071466193069790e-01,8.002265397945358405e-01
0.000000000000000000e+00,4.615558193038512558e-01,9.384613176914111676e-01
1.000000000000000000e+00,4.326145484654846107e-02,2.342457200560231767e-01
0.000000000000000000e+00,5.322733090679949708e-01,6.567189878819318372e-01
0.000000000000000000e+00,7.696324445470792419e-01,4.690457926951980827e-01
0.000000000000000000e+00,8.971913739959451739e-01,5.113753898539443732e-01
0.000000000000000000e+00,7.615433939126383667e-01,1.986594160343989612e-01
0.000000000000000000e+00,9.283085712297233227e-01,7.117649710103638450e-01
0.000000000000000000e+00,5.279685008102589228e-01,6.745119157188128600e-01
0.000000000000000000e+00,6.411363630948234693e-01,5.452836160998448811e-01
0.000000000000000000e+00,9.860238946422735795e-01,1.419148703882714413e-01
0.000000000000000000e+00,7.728409339985415905e-01,5.472891730832385448e-02
0.000000000000000000e+00,6.393362064761265451e-01,9.482025576721478943e-01
0.000000000000000000e+00,5.302037488684523403e-01,2.110004266208883594e-01
0.000000000000000000e+00,6.956132208586205401e-01,7.094885703499785867e-01
0.000000000000000000e+00,5.658545473868588083e-01,1.796901405788259298e-01
0.000000000000000000e+00,5.428649260352820249e-01,1.145907018655389908e-02
0.000000000000000000e+00,7.566635609822232045e-01,3.899996820955531351e-01
0.000000000000000000e+00,4.161937533499479591e-01,3.542215725661370662e-01
0.000000000000000000e+00,4.275687873819010720e-01,8.959325646466149706e-01
0.000000000000000000e+00,5.949277936639494335e-01,5.488475296998041042e-01
0.000000000000000000e+00,8.810858806860677461e-01,8.765363747289671714e-01
0.000000000000000000e+00,7.884918345109839244e-01,7.504774318208067285e-01
0.000000000000000000e+00,5.403216488682180962e-01,4.797487287277165668e-01
0.000000000000000000e+00,7.067131148754858261e-01,3.372493428252978376e-01
0.000000000000000000e+00,5.322210132414658679e-01,9.872395227431692843e-01
0.000000000000000000e+00,5.213473313920993224e-01,4.546134945140219985e-01
0.000000000000000000e+00,7.483012276120855066e-01,7.079873463811651169e-01
0.000000000000000000e+00,8.306172627317895962e-01,6.966058040612347346e-01
0.000000000000000000e+00,5.528889997991583982e-01,7.555550175148730840e-01
1.000000000000000000e+00,4.096701953559181986e-01,2.691519528648190773e-01
0.000000000000000000e+00,9.434443508069429996e-01,1.101710472147221509e-02
1.000000000000000000e+00,3.709423411692911593e-02,7.779061145979060399e-01
0.000000000000000000e+00,6.877075372649210649e-01,6.530725058486033241e-01
0.000000000000000000e+00,5.333324730646197276e-01,7.027175094088111695e-02
0.000000000000000000e+00,7.188741912804970102e-01,8.931368142221070006e-01
0.000000000000000000e+00,5.904724755600117003e-01,5.855251832975942872e-01
0.000000000000000000e+00,7.796752147062918636e-01,8.853476454414692665e-01
0.000000000000000000e+00,9.435776746798580916e-01,8.490054786875199655e-01
1.000000000000000000e+00,3.175893624441851193e-01,3.772324826835292688e-01
0.000000000000000000e+00,5.147261965415211860e-01,2.156094335021522257e-01
0.000000000000000000e+00,4.887846504926366409e-01,6.538440449177543856e-01
0.000000000000000000e+00,5.895651025229519115e-01,9.676102408662261567e-01
0.000000000000000000e+00,8.913471945764798177e-01,3.327127956858394464e-01
0.000000000000000000e+00,6.935641649659023411e-01,1.610752621270060692e-01
0.000000000000000000e+00,8.272076883034176209e-01,3.321578018781813357e-01
0.000000000000000000e+00,4.892137387346912059e-01,3.058648356202022800e-01
0.000000000000000000e+00,7.322883395193575673e-01,5.645973157454466929e-01
0.000000000000000000e+00,8.765516550094027970e-01,4.719252304465204606e-01
0.000000000000000000e+00,8.170170428582580469e-01,7.270388897488371249e-01
0.000000000000000000e+00,4.879813922288837591e-01,5.993641396053731585e-01
0.000000000000000000e+00,4.575847128840779265e-01,5.490416569954901238e-01
0.000000000000000000e+00,6.535964836351624285e-01,6.664469861575096354e-01
0.000000000000000000e+00,5.103570376121864260e-01,5.506070671375729031e-01
0.000000000000000000e+00,8.600747796182410809e-01,6.247022227230532021e-01
0.000000000000000000e+00,6.264991147213098133e-01,8.130305475321697450e-02
0.000000000000000000e+00,7.564203248544835168e-01,7.219576825049600632e-01
0.000000000000000000e+00,5.489273081662997544e-01,2.820830931447604328e-01
0.000000000000000000e+00,7.078942058292665429e-01,8.589283529522260263e-01
0.000000000000000000e+00,4.752240562597990214e-01,4.590178322938117672e-01
0.000000000000000000e+00,9.582972215533193117e-01,6.394266089246319895e-01
0.000000000000000000e+00,4.709799957577684437e-01,5.511742619256125852e-01
0.000000000000000000e+00,6.984520271259565538e-01,6.006955260874400349e-01
0.000000000000000000e+00,4.316663442646178628e-01,7.273593004051466249e-01
0.000000000000000000e+00,7.957425181555224381e-01,9.174274849006548438e-01
0.000000000000000000e+00,9.784249149721911953e-01,3.148187637535365679e-01
1.000000000000000000e+00,8.022206186239277947e-03,7.538668391982383810e-02
0.000000000000000000e+00,6.437868691505443941e-01,2.954995952734417175e-01
0.000000000000000000e+00,9.138487467904609085e-01,7.911480038591286457e-01
1.000000000000000000e+00,7.852991272783264864e-02,8.556444372193535708e-01
0.000000000000000000e+00,4.054176305692103743e-01,5.738526636115813817e-01
0.000000000000000000e+00,4.494097758182664659e-01,2.562343241775337788e-01
1.000000000000000000e+00,3.979550420947419176e-01,4.223701080767106042e-01
0.000000000000000000e+00,6.168369048564706913e-01,6.553297582240524832e-01
0.000000000000000000e+00,9.879980708990135918e-01,4.601872513428644229e-01
0.000000000000000000e+00,4.159615567461059649e-01,1.705873178176319227e-01
0.000000000000000000e+00,6.909790578361565405e-01,4.311408521966996199e-01
0.000000000000000000e+00,5.546760015767100427e-01,8.890141373319269125e-01
0.000000000000000000e+00,4.104100568242535219e-01,8.821157315288727929e-01
0.000000000000000000e+00,9.617891774164746277e-01,7.399986627811224738e-01
0.000000000000000000e+00,9.596305155693320987e-01,1.536397760547592029e-02
0.000000000000000000e+00,5.117682739858154806e-01,7.759068295911348834e-01
0.000000000000000000e+00,7.052992338371729675e-01,1.618439342161043237e-01
1.000000000000000000e+00,1.203992755919435220e-01,6.288758160130331065e-01
0.000000000000000000e+00,5.409119375226301152e-01,8.062039621550993740e-01
0.000000000000000000e+00,9.686382477218926645e-01,9.695809948470597295e-01
0.000000000000000000e+00,8.687974554585349285e-01,7.383101843653020468e-01
0.000000000000000000e+00,6.567150756343820284e-01,6.000201730939896949e-01
1.000000000000000000e+00,1.331850123313165768e-01,4.358935187972675651e-01
0.000000000000000000e+00,6.573339057246920802e-01,9.771184273750040949e-01
0.000000000000000000e+00,7.300384436219808926e-01,8.231014923260199234e-01
0.000000000000000000e+00,5.708798410575541826e-01,5.683350131725729559e-01
0.000000000000000000e+00,5.661084197070033186e-01,1.812022950105066643e-01
0.000000000000000000e+00,6.290067912323861199e-01,6.287306945105166633e-01
0.000000000000000000e+00,6.977098878476954980e-01,2.383169434500115313e-01
0.000000000000000000e+00,8.913029264684424469e-01,8.433382722276745458e-01
0.000000000000000000e+00,9.049950375615967157e-01,9.233910531515510112e-02
0.000000000000000000e+00,9.693834852386372658e-01,1.612217263860827865e-01
0.000000000000000000e+00,6.172930695227012432e-01,9.980383651712785298e-01
0.000000000000000000e+00,4.300468158044580824e-01,6.027920882873846198e-01
0.000000000000000000e+00,8.083385810203522759e-01,3.217418568263649137e-01
0.000000000000000000e+00,4.908714294049849602e-01,8.894814356277852552e-01
0.000000000000000000e+00,9.388902854137293197e-01,2.421949970317793799e-01
0.000000000000000000e+00,4.137705945597853763e-01,3.838091576070401523e-03
0.000000000000000000e+00,9.977809724128584579e-01,3.451053616542646418e-01
0.000000000000000000e+00,8.267667532749354287e-01,3.304721896065035969e-01
0.000000000000000000e+00,5.886735059980413576e-01,1.111968094831311538e-01
0.000000000000000000e+00,9.170667505322311897e-01,2.447004854928962470e-01
0.000000000000000000e+00,4.462678359780891113e-01,8.019010502626851000e-01
0.000000000000000000e+00,6.638133922688792543e-01,2.417470969695200145e-01
1.000000000000000000e+00,5.030344009697657048e-01,3.283136029553254120e-01
0.000000000000000000e+00,4.344636352318574923e-01,9.597273368932213167e-01
0.000000000000000000e+00,6.931676886490535372e-01,2.954951720316029151e-01
0.000000000000000000e+00,7.441877551778770528e-01,4.760654618683448636e-01
0.000000000000000000e+00,4.847370321738068144e-01,1.303470318648101145e-01
0.000000000000000000e+00,6.138101338678543240e-01,3.556597116259339053e-01
0.000000000000000000e+00,4.168752870425413981e-01,3.925497407145470685e-01
0.000000000000000000e+00,6.143463021820236847e-01,6.027601654161951483e-01
0.000000000000000000e+00,5.685043067482141721e-01,7.431221731135519981e-01
0.000000000000000000e+00,9.717757822387521616e-01,8.040655372045650839e-01
0.000000000000000000e+00,5.313905645979650760e-01,2.163557453472702008e-01
0.000000000000000000e+00,4.433251499915132898e-01,4.145999928388657274e-01
0.000000000000000000e+00,9.776828236841323960e-01,6.474745779891708519e-01
0.000000000000000000e+00,8.710918987781062217e-01,3.129104297923368527e-01
0.000000000000000000e+00,9.476733746844376860e-01,5.884020908114460102e-01
0.000000000000000000e+00,4.317763118823623736e-01,3.467128230183836868e-01
0.000000000000000000e+00,6.090752776504324562e-01,4.480036454543852020e-01
0.000000000000000000e+00,8.538722201268326151e-01,4.085041920440181107e-01
0.000000000000000000e+00,9.779115478084177138e-01,7.011802240374872541e-01
0.000000000000000000e+00,7.835848446154405345e-01,4.797506681619987390e-01
0.000000000000000000e+00,9.350693056462342501e-01,7.958085471501298302e-01
0.000000000000000000e+00,4.474241801663648710e-01,2.853351996167609039e-01
0.000000000000000000e+00,5.487533910632041989e-01,2.316981555034351992e-01
0.000000000000000000e+00,4.605174262018290054e-01,2.312062407032530187e-01
0.000000000000000000e+00,4.718198987821723422e-01,7.630600265624324363e-01
0.000000000000000000e+00,7.878021702224946576e-01,1.896096483024020118e-01
0.000000000000000000e+00,8.432215336999433486e-01,2.303426258343674871e-01
0.000000000000000000e+00,8.235026026235772179e-01,8.298731513965033058e-01
0.000000000000000000e+00,8.916475089248270258e-01,2.670577455130189737e-01
0.000000000000000000e+00,8.968116989097050240e-01,3.652719449611652180e-03
0.000000000000000000e+00,4.282870283782469478e-01,3.139480137654965253e-01
0.000000000000000000e+00,5.332986999398477979e-01,7.713496831290691524e-01
1.000000000000000000e+00,2.349837112810879425e-01,7.684153228918388923e-01
0.000000000000000000e+00,8.739732134676394537e-01,2.248597510781955577e-01
1.000000000000000000e+00,5.993712507036078607e-01,1.027751185985231741e-01
0.000000000000000000e+00,9.464564521138423281e-01,3.528661594439815863e-01
0.000000000000000000e+00,7.222770737385402207e-01,7.227678654258615776e-01
0.000000000000000000e+00,5.190879173749265441e-01,3.342273518902136864e-01
0.000000000000000000e+00,5.370175089117228406e-01,9.046442926169153687e-01
0.000000000000000000e+00,8.800712698058180683e-01,3.600109674381841707e-01
0.000000000000000000e+00,8.967907818419993404e-01,1.346535186251536231e-01
0.000000000000000000e+00,5.104025538347520818e-01,9.732030754122842353e-01
0.000000000000000000e+00,6.803336018856596112e-01,3.515153995774765727e-01
0.000000000000000000e+00,5.776873846495097498e-01,7.372490459873459745e-02
0.000000000000000000e+00,4.151608137033608315e-01,3.725089986609187998e-01
0.000000000000000000e+00,8.443239222464854477e-01,6.204088315822479105e-01
0.000000000000000000e+00,6.677548729792324167e-01,4.518858704924595404e-01
0.000000000000000000e+00,8.581325626649128901e-01,3.118878693023789950e-01
0.000000000000000000e+00,5.607887286091710610e-01,2.895629056394867229e-01
0.000000000000000000e+00,4.553528255850808337e-01,2.772167045741696922e-01
0.000000000000000000e+00,9.128764656824667201e-01,2.290980262086829145e-01
1.000000000000000000e+00,5.936999844790572523e-01,4.096872726212651417e-01
0.000000000000000000e+00,4.078375989524591905e-01,9.333206958049509172e-01
0.000000000000000000e+00,4.253367406683872809e-01,7.646148325977381033e-01
0.000000000000000000e+00,6.616783433594788377e-01,3.814242131905101196e-01
0.000000000000000000e+00,5.346259931016698053e-01,8.806529082480770709e-01
0.000000000000000000e+00,9.044722653711405602e-01,3.209381227110297274e-01
0.000000000000000000e+00,6.658781162591356217e-01,2.696354910621273637e-01
0.000000000000000000e+00,9.661595773133747622e-01,6.033960685385530986e-03
0.000000000000000000e+00,9.756182516808419303e-01,2.783095763851275439e-01
0.000000000000000000e+00,5.764780079933563561e-01,9.188324589731921010e-01
0.000000000000000000e+00,9.002271824483406570e-01,1.395245256055176464e-01
0.000000000000000000e+00,7.057602171646487621e-01,8.626092320233597066e-01
0.000000000000000000e+00,7.611721607752827135e-01,6.308255128693890379e-01
0.000000000000000000e+00,4.293791691159655199e-01,8.877174236075180414e-02
0.000000000000000000e+00,7.187723591968815384e-01,4.036640222825984559e-01
0.000000000000000000e+00,8.300806699596630089e-01,1.973058191116785487e-01
0.000000000000000000e+00,7.791690956808958735e-01,1.287556604122079840e-01
0.000000000000000000e+00,6.199616144199691092e-01,5.675867329777225523e-01
1.000000000000000000e+00,3.150652784953363317e-01,4.116390010677541955e-01
1.000000000000000000e+00,1.426224365767652380e-01,4.697126137762323017e-01
0.000000000000000000e+00,6.241499693383021352e-01,1.350316153742673331e-01
0.000000000000000000e+00,9.868853201425120680e-01,8.800649951259100767e-01
0.000000000000000000e+00,9.738323063457279272e-01,9.321199134932689478e-01
0.000000000000000000e+00,5.452424730254221696e-01,7.858197309854904056e-01
0.000000000000000000e+00,7.919480935162823698e-01,1.571383334458402725e-01
0.000000000000000000e+00,8.560207038195647433e-01,5.176243034269126797e-01
0.000000000000000000e+00,9.262424946654005398e-01,3.090964499536326127e-01
0.000000000000000000e+00,6.093973979961750942e-01,9.735646894866109013e-01
0.000000000000000000e+00,9.435942755967613449e-01,2.170750304216665372e-01
0.000000000000000000e+00,7.234222217350068096e-01,1.403081908350267692e-02
0.000000000000000000e+00,9.262915606264855439e-01,9.148989217315406375e-02
0.000000000000000000e+00,6.860498005002524380e-01,3.848729671279461639e-01
1.000000000000000000e+00,5.575796578176325236e-01,2.439465022734774724e-01
1.000000000000000000e+00,3.522000236511129145e-01,8.736902837991400439e-01
1.000000000000000000e+00,1.278616534469758925e-01,3.275228660956440718e-01
0.000000000000000000e+00,5.117707535609823388e-01,3.317617572819379079e-01
0.000000000000000000e+00,6.525776067426298788e-01,3.847466702549000583e-01
0.000000000000000000e+00,6.426664523593453859e-01,5.198910324152451468e-01
0.000000000000000000e+00,9.522251129602943287e-01,5.451466328119036753e-02
0.000000000000000000e+00,6.073701985747110843e-01,5.099428117861808385e-01
0.000000000000000000e+00,7.495566505617159425e-01,5.517842718634258237e-02
0.000000000000000000e+00,6.464951092635790042e-01,3.497040858045519229e-02
0.000000000000000000e+00,5.144454100418790476e-01,3.428500290806901774e-02
0.000000000000000000e+00,8.515668180331708026e-01,1.051218395128055150e-01
1.000000000000000000e+00,4.952426313876964747e-01,7.666546592358243206e-01
0.000000000000000000e+00,8.971830433224782242e-01,4.137810997099083954e-01
0.000000000000000000e+00,6.980333535949414525e-01,7.250895948472506625e-01
0.000000000000000000e+00,5.495517680010995054e-01,6.460706419347622687e-01
0.000000000000000000e+00,7.051116428485757481e-01,1.234049906005951769e-03
0.000000000000000000e+00,6.122153727051936611e-01,5.305900302225725618e-01
0.000000000000000000e+00,4.811082257451145816e-01,1.385319432400256012e-01
0.000000000000000000e+00,7.531379748409602337e-01,8.062219827089887048e-01
0.000000000000000000e+00,7.851711738570275045e-01,8.179639486236187640e-01
1.000000000000000000e+00,4.064973244486780324e-01,9.865398541451978476e-01
0.000000000000000000e+00,9.497473957679590795e-01,1.733291349298436979e-01
0.000000000000000000e+00,8.480836837986652776e-01,7.976954577268147162e-01
0.000000000000000000e+00,4.852793355701410793e-01,1.771782055027598668e-01
0.000000000000000000e+00,6.404602478544487720e-01,9.029608644258223515e-01
0.000000000000000000e+00,4.928369619335456475e-01,6.994709614153346022e-01
0.000000000000000000e+00,5.482219852449056186e-01,9.980369262858235224e-02
0.000000000000000000e+00,9.527487534757561605e-01,5.883164174356405596e-01
0.000000000000000000e+00,4.540444237025235141e-01,8.485913146971668652e-05
0.000000000000000000e+00,6.767599123824038498e-01,6.251534185469717064e-01
0.000000000000000000e+00,8.689755948437493105e-01,9.654571623450195483e-01
0.000000000000000000e+00,7.794187836930139834e-01,7.793981990839574658e-01
0.000000000000000000e+00,8.235809409804897285e-01,3.644350389261998835e-01
1.000000000000000000e+00,1.950877354540536679e-01,8.019353640721986753e-01
0.000000000000000000e+00,9.499800550755777007e-01,6.885453826465800509e-01
0.000000000000000000e+00,9.005633919603264204e-01,6.451032304683634866e-01
0.000000000000000000e+00,7.943605516537985967e-01,9.297667302000314216e-01
0.000000000000000000e+00,4.393530933934584048e-01,5.665004556089021648e-01
1.000000000000000000e+00,3.424515787687366641e-01,8.009271718113415428e-01
0.000000000000000000e+00,5.245607075807029451e-01,1.423612782086917106e-01
0.000000000000000000e+00,6.760221719873120705e-01,8.814873021085388727e-01
0.000000000000000000e+00,8.354220592296381920e-01,5.508274491213163149e-01
0.000000000000000000e+00,9.694098971672037157e-01,9.394919884968803148e-01
0.000000000000000000e+00,6.310934889801501635e-01,2.988941422104485213e-02
0.000000000000000000e+00,8.004356158492835771e-01,5.551716789248217765e-02
0.000000000000000000e+00,5.659889214650597467e-01,8.708203375075580510e-01
0.000000000000000000e+00,5.929573512000857471e-01,5.326733934181631103e-01
0.000000000000000000e+00,4.159232676053623012e-01,7.180265713684598206e-01
0.000000000000000000e+00,9.157323407874135013e-01,3.923841607904378082e-01
0.000000000000000000e+00,7.889979870329042466e-01,1.689437388052008604e-01
1.000000000000000000e+00,1.389889980091516541e-01,6.207072955872279252e-01
0.000000000000000000e+00,9.734805590277493259e-01,5.938399651656667277e-02
0.000000000000000000e+00,9.217342871933059678e-01,7.825770432268680521e-01
0.000000000000000000e+00,5.092416521217617564e-01,6.400434996759277739e-01
0.000000000000000000e+00,9.827549098286108009e-01,9.048748734487579437e-01
0.000000000000000000e+00,5.207993035709045371e-01,9.010014645389143872e-01
0.000000000000000000e+00,9.993387029059090931e-01,2.722094503293872592e-01
0.000000000000000000e+00,5.503636764855573960e-01,1.987999478888353710e-01
0.000000000000000000e+00,8.278530278254903063e-01,6.484614564034363315e-01
0.000000000000000000e+00,7.940418605781014438e-01,8.169964340210082998e-01
0.000000000000000000e+00,5.589414142742300529e-01,1.089483825344917944e-01
0.000000000000000000e+00,5.531100204600867265e-01,1.190460389937654240e-01
0.000000000000000000e+00,9.278232722625148199e-01,5.156595938296160142e-01
0.000000000000000000e+00,9.215256895270984572e-01,4.592996840204615072e-01
0.000000000000000000e+00,5.751592295579920355e-01,1.597563965767883065e-01
0.000000000000000000e+00,4.743033832499982672e-01,5.153546430218820529e-01
0.000000000000000000e+00,5.170316193514948866e-01,5.462228810615010755e-01
0.000000000000000000e+00,9.647850259393959682e-01,7.173078596446175181e-01
0.000000000000000000e+00,7.034360450886905092e-01,8.743034881840806571e-01
0.000000000000000000e+00,8.052557082268945177e-01,2.778745678513835360e-01
0.000000000000000000e+00,6.778615219949537529e-01,9.871457965555437974e-01
0.000000000000000000e+00,6.219521877815917810e-01,7.015522620895588979e-01
0.000000000000000000e+00,6.431355204195566833e-01,1.204142078064193155e-01
0.000000000000000000e+00,5.946178221542811615e-01,9.012935263532237951e-01
0.000000000000000000e+00,7.199943887157675970e-01,5.194532565441375427e-01
0.000000000000000000e+00,6.974095422974972980e-01,7.524765473818244566e-01
0.000000000000000000e+00,9.785673956664787676e-01,8.537879641837331501e-02
0.000000000000000000e+00,4.889730393187320945e-01,9.578966355095706042e-01
0.000000000000000000e+00,4.510390053586101344e-01,9.460335580709047232e-01
0.000000000000000000e+00,5.779640682479282310e-01,3.145424626126530621e-01
0.000000000000000000e+00,6.468806795377247676e-01,3.669356832495462850e-02
1.000000000000000000e+00,1.918846130489507973e-01,4.793935549347813074e-01
0.000000000000000000e+00,4.390201633396842995e-01,7.685232817058905708e-01
0.000000000000000000e+00,6.643386896754521764e-01,1.941296880048472007e-01
0.000000000000000000e+00,6.656127726264775557e-01,3.063704187106709442e-01
0.000000000000000000e+00,9.974318834567704739e-01,6.418821774889362786e-01
0.000000000000000000e+00,5.998269604447447056e-01,9.310449988557080170e-01
1.000000000000000000e+00,3.568088833918410807e-01,1.103817875247122826e-01
0.000000000000000000e+00,6.076022112483659976e-01,2.113358919979558825e-01
0.000000000000000000e+00,9.994798307452708030e-01,9.283169885130831966e-01
0.000000000000000000e+00,6.031717517001204953e-01,6.659357125610124717e-01
1.000000000000000000e+00,2.256445801326314726e-01,1.226052890697608699e-01
0.000000000000000000e+00,5.505149297048547163e-01,6.105881193263194007e-01
0.000000000000000000e+00,8.101172443520028299e-01,5.714792945797044776e-01
0.000000000000000000e+00,8.833677849186885034e-01,9.775972255601921290e-01
0.000000000000000000e+00,8.790573783314794554e-01,6.328073562447303901e-01
0.000000000000000000e+00,7.706015007252677851e-01,6.287753345175078890e-01
0.000000000000000000e+00,6.394859604000332487e-01,4.859230525588431604e-02
0.000000000000000000e+00,4.479000727427288053e-01,5.485645109374279738e-01
0.000000000000000000e+00,6.104150045609637587e-01,7.862539052347263802e-01
0.000000000000000000e+00,4.163993776512512346e-01,3.297985870287241106e-01
0.000000000000000000e+00,9.569068238020341788e-01,4.208856364367224989e-01
0.000000000000000000e+00,6.187627286699015627e-01,1.062820961414646659e-01
0.000000000000000000e+00,8.255527197060528177e-01,6.609357126862956955e-01
0.000000000000000000e+00,5.473238811528665648e-01,4.485370873813199211e-01
0.000000000000000000e+00,7.823484822282897877e-01,2.326205055805524724e-01
0.000000000000000000e+00,7.353125642355862190e-01,6.066350749594701108e-01
0.000000000000000000e+00,9.930051644412278833e-01,1.294178384237946178e-01
0.000000000000000000e+00,8.741879426219081317e-01,4.053720396537533466e-01
0.000000000000000000e+00,6.389807906131387272e-01,9.070474056945909691e-01
0.000000000000000000e+00,9.759797855719876125e-01,5.670042838887489056e-01
0.000000000000000000e+00,8.016730848577231505e-01,5.906953832806449700e-01
0.000000000000000000e+00,6.950373897836703563e-01,7.880912717817720736e-01
0.000000000000000000e+00,6.020901013475479235e-01,1.579026156370880729e-01
0.000000000000000000e+00,5.202258374410482222e-01,2.341333552766410309e-01
0.000000000000000000e+00,5.352343353864592590e-01,2.707161763023575585e-01
0.000000000000000000e+00,9.506003700735234929e-01,1.180154500786996241e-01
0.000000000000000000e+00,5.457561611088306286e-01,2.053194484335711945e-01
1.000000000000000000e+00,5.314812735845488856e-01,4.284797678637178864e-01
0.000000000000000000e+00,8.458337309535702842e-01,3.835151138575457752e-01
0.000000000000000000e+00,5.995001270205158050e-01,1.322083299677414558e-01
0.000000000000000000e+00,8.392806680100464156e-01,4.410725236141079808e-01
0.000000000000000000e+00,4.764677826341132683e-01,8.845803025448462087e-02
0.000000000000000000e+00,8.040239205827868219e-01,9.477239498109566451e-01
1.000000000000000000e+00,4.250999111480069925e-01,2.971126635956045092e-01
0.000000000000000000e+00,8.690013570139925037e-01,7.942860477757160975e-01
0.000000000000000000e+00,8.553588541584764560e-01,7.636301303677639485e-02
0.000000000000000000e+00,4.775063921676441225e-01,5.919432259865663459e-01
0.000000000000000000e+00,8.494175477460663704e-01,1.295156461098638800e-01
0.000000000000000000e+00,8.813217037516056784e-01,4.009925343108280416e-01
1.000000000000000000e+00,3.208302819195308908e-01,9.295921067599234311e-01
0.000000000000000000e+00,7.178590317671819099e-01,6.974942609332006604e-01
0.000000000000000000e+00,7.567855535938319278e-01,7.638203917900474593e-01
0.000000000000000000e+00,7.541349052253978336e-01,4.262596112547910598e-01
0.000000000000000000e+00,9.817460915731457405e-01,9.019468516200286334e-01
0.000000000000000000e+00,7.027299120071761607e-01,8.810554931363324682e-01
0.000000000000000000e+00,9.084568201710871982e-01,1.974805582138450255e-01
0.000000000000000000e+00,6.833062909527320983e-01,1.999406269992144436e-01
0.000000000000000000e+00,9.064066452950021446e-01,6.690186679407755799e-01
1.000000000000000000e+00,7.053072933723768950e-03,7.751596472443327279e-01
0.000000000000000000e+00,4.369877193599854825e-01,2.555864038522219772e-01
0.000000000000000000e+00,7.052353903480652608e-01,2.615824837283841076e-01
1.000000000000000000e+00,1.048057387130667262e-01,7.834308680808252934e-01
0.000000000000000000e+00,8.150565152630577792e-01,7.576988824620852769e-01
0.000000000000000000e+00,7.742033628846307636e-01,3.543225657647232074e-01
0.000000000000000000e+00,8.550264610538834686e-01,4.359766671279534656e-01
0.000000000000000000e+00,7.863954438934757096e-01,7.226910327761203456e-01
1.000000000000000000e+00,1.883481142389205332e-01,1.076307763584150035e-02
0.000000000000000000e+00,7.031437178948478639e-01,1.259994593520463724e-02
1.000000000000000000e+00,1.472164599321920675e-01,8.747951974581691381e-01
0.000000000000000000e+00,8.507353251799464333e-01,8.687525603958189402e-01
0.000000000000000000e+00,8.043481314555792627e-01,4.587475769011073456e-02
0.000000000000000000e+00,7.178398444313174309e-01,6.893822508726845655e-01
0.000000000000000000e+00,9.195967098305668497e-01,6.624042210769292005e-01
0.000000000000000000e+00,4.936675317036056110e-01,6.551727899876350625e-01
0.000000000000000000e+00,7.648004223866614604e-01,5.666194676926533669e-01
0.000000000000000000e+00,6.480394018709665360e-01,2.337000971762303037e-01
0.000000000000000000e+00,9.458156639015296019e-01,9.486595643755546536e-02
1.000000000000000000e+00,3.465165020986703537e-01,6.488713897146726195e-01
0.000000000000000000e+00,6.730834004958561323e-01,2.101998575188472884e-01
0.000000000000000000e+00,6.952894845460775297e-01,1.147229332575210314e-01
1.000000000000000000e+00,4.311572312989148115e-01,9.816735774284085503e-01
0.000000000000000000e+00,5.716435783528248660e-01,8.248430162389170928e-01
0.000000000000000000e+00,6.338838900747086891e-01,2.458073851320461412e-01
0.000000000000000000e+00,9.312739999377577238e-01,8.470870999070676532e-01
0.000000000000000000e+00,6.093976909696626754e-01,5.646238194427570800e-01
0.000000000000000000e+00,9.466583761982333423e-01,7.705030595496963342e-01
0.000000000000000000e+00,6.238534671051976233e-01,9.926680050957648049e-01
0.000000000000000000e+00,5.236679194709650265e-01,7.422689404600987251e-01
0.000000000000000000e+00,4.112468296328219974e-01,6.890515037483209149e-01
0.000000000000000000e+00,6.327985390524007991e-01,1.853215751216298335e-01
0.000000000000000000e+00,6.826158191595328439e-01,2.264367999438137158e-01
1.000000000000000000e+00,2.759138655088066994e-02,8.374235469583004576e-01
0.000000000000000000e+00,6.697483771257770613e-01,1.850503635214416631e-01
0.000000000000000000e+00,7.097574548540027672e-01,3.172457568421457319e-01
0.000000000000000000e+00,6.908328296791050871e-01,3.457810137902417313e-02
1.000000000000000000e+00,2.255389321227211918e-01,2.126168805835372266e-01
0.000000000000000000e+00,6.411754890043146471e-01,4.672780309174203728e-01
0.000000000000000000e+00,7.447803535418542342e-01,2.742583055997649399e-02
0.000000000000000000e+00,8.400701402762074110e-01,6.332499209055389988e-01
0.000000000000000000e+00,5.152583073643073330e-01,8.119612928899705429e-01
0.000000000000000000e+00,6.080266639436963105e-01,1.992273194148587168e-01
0.000000000000000000e+00,6.915980396709822120e-01,6.257186495134894333e-01
0.000000000000000000e+00,8.972436540162737062e-01,5.280269725121371494e-01
0.000000000000000000e+00,8.053033349984891620e-01,7.250710541438568635e-01
0.000000000000000000e+00,9.451274259781705656e-01,1.380659422376319112e-01
0.000000000000000000e+00,4.433182473114796185e-01,1.293383148169868768e-01
0.000000000000000000e+00,6.969663323931535315e-01,3.182054256752366861e-01
1.000000000000000000e+00,4.436291034419098112e-01,9.108683450645087554e-01
0.000000000000000000e+00,8.196941516117564053e-01,8.756594011582863324e-02
1.000000000000000000e+00,2.895280975348115543e-02,8.284814364492165684e-02
0.000000000000000000e+00,4.960055898514188488e-01,1.686978645468765192e-01
0.000000000000000000e+00,7.930565646537033331e-01,1.779574020942802370e-01
0.000000000000000000e+00,9.549605625697119571e-01,5.418957725367835598e-01
0.000000000000000000e+00,8.607121229206509128e-01,3.082273997329717519e-01
0.000000000000000000e+00,7.313944482889731535e-01,6.838400565790212493e-01
0.000000000000000000e+00,5.994316103249528460e-01,5.777444981351670394e-01
0.000000000000000000e+00,7.803100891833458785e-01,1.026631641285217222e-01
0.000000000000000000e+00,5.304938023765843891e-01,4.772115029152224075e-02
0.000000000000000000e+00,8.139070979852883747e-01,8.902949055510013254e-01
0.000000000000000000e+00,9.329402897013674423e-01,4.648491343754868055e-01
0.000000000000000000e+00,7.483543259596261432e-01,4.840872372482680763e-01
0.000000000000000000e+00,6.591752463667919226e-01,7.711473170778048170e-01
0.000000000000000000e+00,5.730601853639977206e-01,9.074443626342602043e-01
0.000000000000000000e+00,9.949565883003712585e-01,1.298393383192559813e-01
0.000000000000000000e+00,9.657647053267709447e-01,9.604835170091247099e-01
0.000000000000000000e+00,5.548626543747393614e-01,1.049548479731092776e-01
1.000000000000000000e+00,3.690593332433911300e-01,9.878638174183120846e-01
0.000000000000000000e+00,5.953489240342705324e-01,5.839729329841484295e-01
0.000000000000000000e+00,7.925962834922342104e-01,8.441526768598501818e-01
0.000000000000000000e+00,8.641065011489906800e-01,2.582844289876029542e-01
0.000000000000000000e+00,6.493250748969920938e-01,5.397244288768697773e-01
0.000000000000000000e+00,6.171212995862547235e-01,3.728525486966460800e-01
0.000000000000000000e+00,8.508733926065912279e-01,6.955900888356458811e-02
0.000000000000000000e+00,9.556437361212235526e-01,6.790916599974274881e-01
0.000000000000000000e+00,9.497773503367403780e-01,6.750613170652556283e-01
0.000000000000000000e+00,4.260074983818178396e-01,9.781320620627275142e-01
0.000000000000000000e+00,7.128524184328375313e-01,1.643445324018624198e-01
0.000000000000000000e+00,4.945000109395245591e-01,9.544301996510573538e-02
0.000000000000000000e+00,9.535839815839446398e-01,5.216619861253581902e-01
0.000000000000000000e+00,8.146739000942158082e-01,8.706650868887839678e-01
0.000000000000000000e+00,5.138623550415144514e-01,6.631604934539856444e-01
0.000000000000000000e+00,4.936634610909526599e-01,4.352900627744515916e-01
0.000000000000000000e+00,7.888104108355724620e-01,9.898294942055468892e-01
0.000000000000000000e+00,5.115001220331709675e-01,7.443143659253347311e-01
0.000000000000000000e+00,5.418016488288520671e-01,4.388923739793596512e-01
0.000000000000000000e+00,6.134296268159168397e-01,9.065306099770764625e-02
0.000000000000000000e+00,4.652771211021585751e-01,6.902646071889240176e-01
1.000000000000000000e+00,2.347852032665549982e-01,1.552236310617423065e-01
0.000000000000000000e+00,4.506141679798195687e-01,4.569971146742614065e-01
0.000000000000000000e+00,9.932708963852898698e-01,6.107695168088297377e-01
0.000000000000000000e+00,5.768995799814198300e-01,5.239848189505788012e-01
0.000000000000000000e+00,8.533926511307688978e-01,4.991892812640694732e-01
0.000000000000000000e+00,6.489430248720486905e-01,6.079465188006506482e-01
0.000000000000000000e+00,5.606445053892974428e-01,4.113582486322223675e-01
0.000000000000000000e+00,5.972170822282031333e-01,5.358964168868538547e-01
0.000000000000000000e+00,6.467387095723976520e-01,2.382201143622534323e-01
1.000000000000000000e+00,4.095863778798476407e-01,6.959801322629041165e-01
1.000000000000000000e+00,3.357624265544372211e-01,4.383092346736203737e-01
0.000000000000000000e+00,4.142546969697108450e-01,3.015465348432333492e-02
0.000000000000000000e+00,4.118014874794532765e-01,8.708642964208292980e-01
0.000000000000000000e+00,6.373900265719517622e-01,2.842657351644140018e-02
0.000000000000000000e+00,4.996199591261983874e-01,7.202592575882462711e-01
0.000000000000000000e+00,9.621293853284073050e-01,9.545863923754038805e-02
1.000000000000000000e+00,3.392833214277652526e-02,3.011871318041502432e-01
0.000000000000000000e+00,4.834152757578732418e-01,2.643592226224561470e-01
0.000000000000000000e+00,8.392578208773837645e-01,7.746701484627454004e-01
0.000000000000000000e+00,9.579681319664208328e-01,2.130457272532308988e-01
0.000000000000000000e+00,9.981738666922624903e-01,1.092636085701593762e-01
0.000000000000000000e+00,4.130304774004840418e-01,5.258772914112511687e-01
0.000000000000000000e+00,8.000620788885490775e-01,3.518549797990672134e-01
1.000000000000000000e+00,1.421400679574650605e-01,4.193832181761900646e-01
0.000000000000000000e+00,9.792871756674387251e-01,8.033967567755857520e-01
0.000000000000000000e+00,8.384558760952978140e-01,9.598484196422663040e-01
0.000000000000000000e+00,5.702374790125546156e-01,7.067539676177559960e-01
0.000000000000000000e+00,8.227292648771218353e-01,1.892146770335652040e-01
0.000000000000000000e+00,6.563034892575536627e-01,6.135473445202215270e-01
0.000000000000000000e+00,7.157122562470301652e-01,1.055082091218155771e-01
0.000000000000000000e+00,9.908336744182056899e-01,8.557364634787735236e-01
0.000000000000000000e+00,7.852991961118689357e-01,2.166019327000170414e-01
0.000000000000000000e+00,9.140318617523602862e-01,9.191951682355177233e-01
0.000000000000000000e+00,9.151829969165863332e-01,8.642478761752960814e-01
0.000000000000000000e+00,8.359003769034312192e-01,9.667366906808011473e-01
0.000000000000000000e+00,9.518564822522318503e-01,4.104243311237124603e-01
0.000000000000000000e+00,6.527241578290734481e-01,6.142879154093439098e-02
0.000000000000000000e+00,7.707165187524248617e-01,6.693886333572315328e-01
0.000000000000000000e+00,7.419611788202764568e-01,8.072540453765039148e-01
0.000000000000000000e+00,4.224418839626228328e-01,2.855852512369000396e-01
0.000000000000000000e+00,4.940550107980473671e-01,6.512798171464708741e-01
1.000000000000000000e+00,3.391065230114164719e-01,4.903297436846957291e-01
0.000000000000000000e+00,8.302518184862788253e-01,2.171625671451475892e-01
0.000000000000000000e+00,7.975635791580042433e-01,4.112887308036532463e-01
0.000000000000000000e+00,5.795667932935895106e-01,6.943316217315136374e-01
0.000000000000000000e+00,5.473948202322512779e-01,7.409102089330354968e-01
0.000000000000000000e+00,8.508929701976403193e-01,3.158896125140074895e-01
0.000000000000000000e+00,4.588302433897084032e-01,8.581071777121662691e-01
1.000000000000000000e+00,5.800376034390882785e-01,3.255622375109915589e-01
1.000000000000000000e+00,1.913106965511024993e-01,6.716463352606304449e-01
0.000000000000000000e+00,6.177953136917582189e-01,9.058277984552822737e-01
0.000000000000000000e+00,9.417430780828653925e-01,6.645799315922424899e-01
0.000000000000000000e+00,8.267950484844095449e-01,9.892716435857261681e-01
0.000000000000000000e+00,5.284466226985831128e-01,7.251249303016761294e-01
0.000000000000000000e+00,5.074101623213373990e-01,2.143576325367857471e-02
0.000000000000000000e+00,6.303568405370565397e-01,9.592633332795937884e-01
0.000000000000000000e+00,9.637208212334156254e-01,8.295409648896422405e-01
0.000000000000000000e+00,4.158302565531519779e-01,4.869831165400091422e-01
0.000000000000000000e+00,5.013297145361309548e-01,5.244718352490392865e-01
0.000000000000000000e+00,9.445967856417337716e-01,2.165816762827714737e-01
0.000000000000000000e+00,9.004676045378191551e-01,1.136385515545285108e-01
0.000000000000000000e+00,9.523738055732251517e-01,7.575636007205497346e-01
0.000000000000000000e+00,9.170655894604412550e-01,2.868862985823492640e-01
1.000000000000000000e+00,5.825149675721278397e-01,9.233001161089672282e-01
0.000000000000000000e+00,4.185125291541558767e-01,1.277397596293753379e-01
0.000000000000000000e+00,8.513171864249462484e-01,3.660713312716441514e-01
0.000000000000000000e+00,5.371251092490014756e-01,1.297652072794042155e-01
0.000000000000000000e+00,9.186104610762879652e-01,8.523296619931546303e-01
0.000000000000000000e+00,9.800509322836102877e-01,5.212477869407413644e-01
0.000000000000000000e+00,4.730226157280816857e-01,8.299885477285012803e-01
0.000000000000000000e+00,4.677951620532191379e-01,3.545589515826127469e-01
0.000000000000000000e+00,6.286901823571487968e-01,2.944202071859015613e-01
0.000000000000000000e+00,8.436838568048263820e-01,5.662985346686055799e-01
0.000000000000000000e+00,4.121988587511112856e-01,7.908121765479686482e-01
0.000000000000000000e+00,7.911537950182312429e-01,1.723805238542553964e-01
0.000000000000000000e+00,7.672185744362296500e-01,9.006249438155800036e-02
0.000000000000000000e+00,4.145044232004718721e-01,5.465710669157063384e-01
0.000000000000000000e+00,7.372736686607278545e-01,7.511865815695646376e-01
0.000000000000000000e+00,5.911100960601648469e-01,1.846846644087074552e-03
0.000000000000000000e+00,9.575432569964436036e-01,1.134820869648400787e-02
0.000000000000000000e+00,8.173351753975042211e-01,8.599178398527221878e-01
1.000000000000000000e+00,3.702442231346805279e-01,9.138663962943315289e-01
0.000000000000000000e+00,8.084126656910832764e-01,5.518636667788087147e-01
0.000000000000000000e+00,4.229574334671015734e-01,7.522394274785837442e-02
0.000000000000000000e+00,8.651773782756209119e-01,8.855317359410876943e-01
0.000000000000000000e+00,5.608698031822938468e-01,7.966941129221004614e-01
1.000000000000000000e+00,3.559208977858027145e-01,7.214670954743394038e-01
0.000000000000000000e+00,7.923617037333436919e-01,5.593792191567413807e-01
0.000000000000000000e+00,4.645475880055085494e-01,4.114958867503841766e-01
0.000000000000000000e+00,4.258705488801403094e-01,7.893261236042381501e-01
0.000000000000000000e+00,6.891084512555221142e-01,5.168081597601367205e-01
0.000000000000000000e+00,5.499534917749476781e-01,3.789036753171375338e-01
0.000000000000000000e+00,6.902733813300259147e-01,6.043603092813198963e-02
0.000000000000000000e+00,8.786046568624084063e-01,2.755243269882760027e-01
0.000000000000000000e+00,5.682158739907302580e-01,4.433758148528609278e-01
0.000000000000000000e+00,6.167118007622905962e-01,5.170199827015189431e-01
0.000000000000000000e+00,7.358046266913418343e-01,5.329680557711127253e-01
1.000000000000000000e+00,1.148398871008818878e-01,7.593454266119916696e-01
0.000000000000000000e+00,9.519399994443534796e-01,6.852204911665235043e-01
0.000000000000000000e+00,7.234413851984899946e-01,1.813136004493987041e-01
0.000000000000000000e+00,4.358562014840506871e-01,6.347475534807500708e-01
0.000000000000000000e+00,9.572821180621147175e-01,7.397573819030056619e-01
0.000000000000000000e+00,4.729813309486186057e-01,2.844500555783274764e-01
1.000000000000000000e+00,5.007768846405733498e-01,3.194003929666067165e-03
1.000000000000000000e+00,4.419411850734577540e-01,9.948461361452187734e-01
0.000000000000000000e+00,4.020798589278780644e-01,5.385051510911134098e-01
0.000000000000000000e+00,8.301824777969055713e-01,3.847489838950785002e-01
0.000000000000000000e+00,8.031607177485304838e-01,6.188217864751055508e-02
0.000000000000000000e+00,9.865569122960449189e-01,7.192700214448073393e-01
0.000000000000000000e+00,7.392297540078223150e-01,5.136191240111017686e-01
0.000000000000000000e+00,6.457619592160164235e-01,1.994759548972188101e-01
0.000000000000000000e+00,7.158236841884009216e-01,3.297657824674870009e-01
0.000000000000000000e+00,9.224312610542652058e-01,8.706046479706809338e-01
0.000000000000000000e+00,9.244526253679795635e-01,5.353822292325053356e-01
0.000000000000000000e+00,6.916717582589415603e-01,7.845898567748095243e-01
0.000000000000000000e+00,7.048882877719707674e-01,7.723977221933339132e-01
0.000000000000000000e+00,8.845866251512870537e-01,2.432393323444247413e-01
0.000000000000000000e+00,6.819896974957099234e-01,8.445495957889876948e-01
0.000000000000000000e+00,5.825501508868891065e-01,7.676586078859759521e-01
0.000000000000000000e+00,9.641520011281692337e-01,6.460978039673759277e-02
0.000000000000000000e+00,4.947517261188572046e-01,2.628287983618036172e-01
0.000000000000000000e+00,9.389710080828721495e-01,7.194724826888749813e-01
0.000000000000000000e+00,6.245826808198706726e-01,6.869107790699439109e-01
1.000000000000000000e+00,1.130325519458770800e-01,7.933256022874218827e-01
0.000000000000000000e+00,8.503569392982326391e-01,3.207215808414880520e-01
0.000000000000000000e+00,8.735370300215264949e-01,3.463176388696943553e-01
0.000000000000000000e+00,6.071611658160773750e-01,6.100716697288804946e-01
0.000000000000000000e+00,9.103043794374570119e-01,5.817846539544494489e-01
0.000000000000000000e+00,8.189757995832569470e-01,2.382315149391289744e-01
0.000000000000000000e+00,7.731012718806528072e-01,3.756702291247194792e-01
0.000000000000000000e+00,6.652586511363560717e-01,4.509504385492391076e-01
0.000000000000000000e+00,9.843503732588140265e-01,5.769639963776488356e-01
0.000000000000000000e+00,8.451320740320370506e-01,7.311890084337938633e-01
0.000000000000000000e+00,8.523242390323373385e-01,3.062569011208519099e-01
0.000000000000000000e+00,9.027171900993712361e-01,3.908013042280031879e-01
0.000000000000000000e+00,6.879352870085650995e-01,7.273767407740255875e-01
0.000000000000000000e+00,4.176510167820319253e-01,5.901798534619051573e-01
1.000000000000000000e+00,5.610617617322212203e-01,9.758950987852696990e-01
0.000000000000000000e+00,9.597042744144004267e-01,1.672335913523212980e-01
0.000000000000000000e+00,7.637182123204135920e-01,1.012965829007984597e-01
0.000000000000000000e+00,4.486260193239390293e-01,4.599666855122077624e-01
0.000000000000000000e+00,7.981450616737003623e-01,6.122777796804823591e-02
0.000000000000000000e+00,5.366257605044485457e-01,8.779340147383942750e-01
0.000000000000000000e+00,8.242679881107419781e-01,8.799541291113109898e-01
0.000000000000000000e+00,8.180953980138752080e-01,7.326079091415518274e-01
0.000000000000000000e+00,6.493464315102128737e-01,7.197225072430328829e-01
0.000000000000000000e+00,5.794865605196046765e-01,9.822000036851050719e-01
0.000000000000000000e+00,5.536433090521272193e-01,1.804965147305822581e-01
0.000000000000000000e+00,9.304427540665185514e-01,2.138722513703202877e-01
0.000000000000000000e+00,6.263426102773441695e-01,9.904785863478862140e-01
0.000000000000000000e+00,6.520371165666054569e-01,6.417258901958524664e-01
0.000000000000000000e+00,9.563166553605709774e-01,5.873251874161479202e-01
0.000000000000000000e+00,4.798384427466849123e-01,8.734567961850669970e-01
1.000000000000000000e+00,3.372734956571251663e-01,5.881341058906861541e-01
0.000000000000000000e+00,4.094203531511358407e-01,5.073233582752489923e-02
0.000000000000000000e+00,8.771418287126505620e-01,3.487901109540111344e-01
0.000000000000000000e+00,9.276157039004889748e-01,9.753537062315175143e-01
0.000000000000000000e+00,8.338818053142372788e-01,6.026559112953109310e-01
0.000000000000000000e+00,5.616051659260266060e-01,2.531885139042049371e-01
0.000000000000000000e+00,9.391984577637568776e-01,3.019281925069130512e-01
0.000000000000000000e+00,4.529428340302447120e-01,7.698902178753349590e-01
1.000000000000000000e+00,5.010958128215650120e-01,7.337246922606724953e-01
0.000000000000000000e+00,8.228729572466237929e-01,3.552309195459649738e-01
0.000000000000000000e+00,7.434002273929939397e-01,2.400029917980277538e-01
0.000000000000000000e+00,9.395749075093168257e-01,6.912511806713275142e-01
0.000000000000000000e+00,9.879917364542937230e-01,7.214873312158968099e-01
0.000000000000000000e+00,9.706083649891521503e-01,7.933273772510466282e-01
0.000000000000000000e+00,5.138875712616477465e-01,9.441507046204965503e-01
0.000000000000000000e+00,9.106443786581756017e-01,8.456504925395255112e-01
0.000000000000000000e+00,9.678293125918342454e-01,7.296680579857171001e-01
0.000000000000000000e+00,4.063072938530132849e-01,6.498516335329928006e-01
0.000000000000000000e+00,9.055716454422974016e-01,9.197312374502653043e-02
1.000000000000000000e+00,1.673330873904554372e-01,3.312596994479677370e-01
0.000000000000000000e+00,9.950327627295600941e-01,3.281132228794462202e-01
0.000000000000000000e+00,5.433843099621439299e-01,4.675220984378665179e-01
0.000000000000000000e+00,4.455802612437868571e-01,8.091797803748506102e-01
0.000000000000000000e+00,7.875894909013134715e-01,7.015946819798976053e-01
1.000000000000000000e+00,5.933142726131025446e-01,5.360202061479346636e-01
0.000000000000000000e+00,7.336084329321244102e-01,9.802425713157448817e-01
0.000000000000000000e+00,8.182923166770421641e-01,4.177062950566780009e-01
0.000000000000000000e+00,5.752159825197682430e-01,4.058045026914148812e-01
0.000000000000000000e+00,5.917468025206061855e-01,6.954019732092391326e-01
0.000000000000000000e+00,5.981784942616610312e-01,9.937467180966597091e-01
0.000000000000000000e+00,9.859793593224540631e-01,6.266106282951134920e-01
0.000000000000000000e+00,9.108263453806972887e-01,1.674970092511796071e-02
0.000000000000000000e+00,5.460429592274249622e-01,3.600847151205344154e-02
0.000000000000000000e+00,9.379363392790248666e-01,1.298118075818255335e-03
0.000000000000000000e+00,5.041599506217891991e-01,4.452306187390802084e-01
0.000000000000000000e+00,6.393374088162205870e-01,1.958668048647330684e-01
0.000000000000000000e+00,7.542620260506920360e-01,2.875197185110492937e-01
0.000000000000000000e+00,5.081541042271233710e-01,9.498868345804603042e-01
0.000000000000000000e+00,8.631373594461775323e-01,7.912788007485909159e-01
0.000000000000000000e+00,8.603111139688462972e-01,7.618235123326385638e-01
0.000000000000000000e+00,9.713597148350985311e-01,4.269397280371876047e-01
0.000000000000000000e+00,6.863225947688817996e-01,1.191594059066281019e-01
0.000000000000000000e+00,8.353180189267531697e-01,1.949604797844753934e-01
0.000000000000000000e+00,5.855868327541347007e-01,9.920950772988934574e-02
0.000000000000000000e+00,6.827015233130844241e-01,1.842623476440602426e-01
0.000000000000000000e+00,4.826435210375624729e-01,8.578332944633526580e-02
0.000000000000000000e+00,9.183458449091104203e-01,2.071460130872059269e-01
0.000000000000000000e+00,5.563957251688472772e-01,8.385934352349108112e-01
0.000000000000000000e+00,4.962828029014486608e-01,9.478508568025010295e-01
0.000000000000000000e+00,8.313000055088282103e-01,4.062410769895021811e-01
0.000000000000000000e+00,8.956405226599903902e-01,7.100825355187241339e-01
0.000000000000000000e+00,8.461205718802026210e-01,1.297250915429589702e-01
1.000000000000000000e+00,3.573732464967983025e-01,7.498578426456358192e-01
0.000000000000000000e+00,4.968551572730848243e-01,8.533824717248883474e-02
0.000000000000000000e+00,9.216592638062498510e-01,3.630412871740104075e-01
0.000000000000000000e+00,6.296942025353642336e-01,1.056795625420736684e-02
0.000000000000000000e+00,9.397383565889821933e-01,6.190340194690007181e-01
1.000000000000000000e+00,1.779861150073665244e-01,2.496768804052050816e-01
0.000000000000000000e+00,9.010266082114974928e-01,8.727900274249437151e-01
0.000000000000000000e+00,7.914628334537738841e-01,4.127928701300990211e-01
0.000000000000000000e+00,7.586246260304397859e-01,2.500825374565590620e-01
0.000000000000000000e+00,8.803289037273237527e-01,6.917562031662441990e-01
0.000000000000000000e+00,5.698459625579178622e-01,1.657322561505637504e-01
0.000000000000000000e+00,6.269689260127067065e-01,9.709317914122929105e-01
0.000000000000000000e+00,9.355153379609075781e-01,2.428373447076059843e-01
0.000000000000000000e+00,5.178305502538282923e-01,3.856675379831544515e-01
0.000000000000000000e+00,4.428650160483945664e-01,5.601429771796995194e-02
0.000000000000000000e+00,8.013249832680198192e-01,2.012450240264943568e-01
0.000000000000000000e+00,6.172737406649252412e-01,5.605864713133831279e-01
0.000000000000000000e+00,5.732104501472283786e-01,1.686903099531356087e-01
0.000000000000000000e+00,5.549202340970903480e-01,9.954459988822208505e-01
0.000000000000000000e+00,6.180891578838503264e-01,3.197503035074052979e-01
0.000000000000000000e+00,4.878098314958471127e-01,3.029310876336922531e-01
0.000000000000000000e+00,5.863804492551077940e-01,2.063486971602599418e-01
0.000000000000000000e+00,7.579212246981046341e-01,6.777071225111068742e-01
0.000000000000000000e+00,9.726275939801174442e-01,2.882603171481793458e-01
1.000000000000000000e+00,5.473513506818267205e-01,2.556159025613696789e-01
1.000000000000000000e+00,5.725772325425558806e-01,6.156737686954832922e-01
0.000000000000000000e+00,7.908638739279503227e-01,9.230453556160017614e-01
0.000000000000000000e+00,6.080639294472546252e-01,3.149718753910916158e-01
0.000000000000000000e+00,7.716032933715299968e-01,6.314965531704996859e-01
0.000000000000000000e+00,4.133145738575762507e-01,2.003897330433165314e-01
0.000000000000000000e+00,8.272134094337940668e-01,7.805780977728686842e-01
0.000000000000000000e+00,8.474291510231793945e-01,2.112337826992948253e-01
0.000000000000000000e+00,4.990260541097379932e-01,6.685455292252933113e-01
0.000000000000000000e+00,7.164737020657492295e-01,6.098982245782200717e-01
0.000000000000000000e+00,5.746301305114609459e-01,4.971422277161725578e-01
1.000000000000000000e+00,2.857216490237725615e-01,3.717401632901068398e-01
0.000000000000000000e+00,7.594635500427786567e-01,5.217295566580222310e-01
0.000000000000000000e+00,7.741094342921497340e-01,7.763780498685330933e-01
0.000000000000000000e+00,5.694693505289707414e-01,8.671102445371585699e-01
0.000000000000000000e+00,8.608756934916983461e-01,6.345462199053416574e-01
0.000000000000000000e+00,5.467274273299190801e-01,5.098463569070142976e-01
0.000000000000000000e+00,4.421174366542118261e-01,1.958717890688876917e-02
0.000000000000000000e+00,5.241021809417453214e-01,1.921367120854106103e-01
0.000000000000000000e+00,6.483397476763115286e-01,6.319106199557569248e-01
0.000000000000000000e+00,6.389221384521920344e-01,7.529957713048668344e-01
0.000000000000000000e+00,5.138410567116734606e-01,7.224065113682531791e-02
0.000000000000000000e+00,8.752395374018394625e-01,8.777716834099924537e-01
0.000000000000000000e+00,6.902157276619054205e-01,9.044910144683755426e-01
0.000000000000000000e+00,8.007885444259874586e-01,4.764812646731290124e-01
1.000000000000000000e+00,2.596470754493470645e-01,3.323529988380602429e-02
0.000000000000000000e+00,7.320707605031313570e-01,6.797941358079369056e-01
0.000000000000000000e+00,7.339588496046283161e-01,4.749948778854675702e-01
0.000000000000000000e+00,7.617113727446966909e-01,1.848417740267911391e-01
0.000000000000000000e+00,8.392916993251477997e-01,4.322998962238595588e-01
1.000000000000000000e+00,4.020976132800790359e-01,7.337854030024526519e-02
1.000000000000000000e+00,2.718287711771610882e-01,9.330849163261549783e-01
0.000000000000000000e+00,7.177605771721824457e-01,3.672824959765996766e-02
0.000000000000000000e+00,5.030787135262284604e-01,1.700409819206456508e-01
0.000000000000000000e+00,9.010630279571312240e-01,9.093216783280476667e-01
0.000000000000000000e+00,6.980081949291476739e-01,7.100366117114642606e-01
0.000000000000000000e+00,5.491030441304598497e-01,6.679595017409258872e-01
0.000000000000000000e+00,6.049196950888504620e-01,7.521426713666590214e-01
0.000000000000000000e+00,9.821806519131723867e-01,7.378325194528582154e-01
1.000000000000000000e+00,2.279272352946807856e-01,7.539739774986472520e-01
0.000000000000000000e+00,9.785846990044452243e-01,7.106479322101159068e-01
0.000000000000000000e+00,6.601626883707740756e-01,3.395542894051077898e-01
0.000000000000000000e+00,6.670431957547631185e-01,9.514363229635410812e-01
0.000000000000000000e+00,9.463181054146387883e-01,6.403224936285110136e-01
0.000000000000000000e+00,6.283737876111086251e-01,5.537911242072135476e-01
0.000000000000000000e+00,9.651401427379909803e-01,3.800742999414308265e-01
0.000000000000000000e+00,7.703565632947173558e-01,2.764991355607301360e-01
0.000000000000000000e+00,9.830373081784995470e-01,2.979567003238337008e-02
0.000000000000000000e+00,5.236224919976038006e-01,2.689594093364054972e-01
1.000000000000000000e+00,4.297131463790477834e-01,1.234187590093381859e-01
0.000000000000000000e+00,9.058769809162267039e-01,1.113919407171981568e-03
0.000000000000000000e+00,5.124481122636584951e-01,3.119947938639244800e-01
0.000000000000000000e+00,7.835000764146518026e-01,2.802308664032679975e-01
0.000000000000000000e+00,7.163831027041687172e-01,7.385875020349130793e-01
0.000000000000000000e+00,6.223382491989163379e-01,6.036129582810370042e-01
0.000000000000000000e+00,5.574733603036409191e-01,6.530984001978501485e-02
0.000000000000000000e+00,4.301511328215375518e-01,1.027856838736743716e-01
0.000000000000000000e+00,4.519645420803072300e-01,6.636615715611220434e-01
0.000000000000000000e+00,4.487890692696843709e-01,1.405400707377157943e-01
0.000000000000000000e+00,9.752517272184285657e-01,9.690375876762620244e-01
0.000000000000000000e+00,5.613261328967130703e-01,7.451554518004964711e-01
0.000000000000000000e+00,5.982939058094265405e-01,3.089671335764929694e-01
0.000000000000000000e+00,6.018328115481800245e-01,5.563937241154418567e-01
0.000000000000000000e+00,5.458586804695410022e-01,9.801441076946398878e-01
0.000000000000000000e+00,4.279861081426304947e-01,5.132930778263835592e-01
0.000000000000000000e+00,5.592796984354454493e-01,1.799556054400837102e-01
0.000000000000000000e+00,4.428833024550685726e-01,7.931869578080877892e-01
0.000000000000000000e+00,8.615386223827580237e-01,1.306181958404656340e-01
0.000000000000000000e+00,4.735197674893117936e-01,2.435161995096327692e-01
0.000000000000000000e+00,4.498396608559666610e-01,2.777621672230501382e-01
0.000000000000000000e+00,5.035497859449677982e-01,5.406870579006840538e-01
0.000000000000000000e+00,7.768181469575692333e-01,7.314294222121503486e-01
0.000000000000000000e+00,9.716038483357731792e-01,8.941027365218272571e-01
0.000000000000000000e+00,4.667771951842190070e-01,2.615290004201087370e-01
0.000000000000000000e+00,8.466196613849246155e-01,3.791916562647779099e-02
0.000000000000000000e+00,5.899264295435671102e-01,5.183760488554511880e-01
0.000000000000000000e+00,4.723577905917523689e-01,1.065647191363190416e-01
0.000000000000000000e+00,9.825133154350010889e-01,3.096898838995068015e-01
0.000000000000000000e+00,8.214960640368118572e-01,9.813699790365331133e-01
0.000000000000000000e+00,6.319092644465099662e-01,5.835754391524268225e-01
0.000000000000000000e+00,6.536197588684895532e-01,4.536869348985006489e-02
0.000000000000000000e+00,5.971887880888266942e-01,2.795028210892568366e-01
1.000000000000000000e+00,5.266097709853703179e-01,9.852096856536783909e-01
0.000000000000000000e+00,7.130629786130626702e-01,7.401764413397750042e-01
0.000000000000000000e+00,4.302595815284538938e-01,8.103912061122486854e-02
0.000000000000000000e+00,6.219654047632714455e-01,8.438799426621779176e-02
0.000000000000000000e+00,7.765022734050647246e-01,6.482809992827062162e-01
0.000000000000000000e+00,6.966936048870351339e-01,2.002245037810593820e-01
0.000000000000000000e+00,6.027613702153115094e-01,8.933546251350676926e-04
1.000000000000000000e+00,2.124031264928731913e-02,8.989079401766432165e-01
0.000000000000000000e+00,9.198422889968101979e-01,9.555941247513767278e-01
1.000000000000000000e+00,6.219759466337499570e-02,7.585391135389737416e-01
0.000000000000000000e+00,9.409391969357714380e-01,2.514558548873488952e-01
0.000000000000000000e+00,9.323377362303840732e-01,3.601959479683581877e-01
0.000000000000000000e+00,5.161252300790322156e-01,8.555116768742784261e-01
0.000000000000000000e+00,8.013933677568758629e-01,4.300708254310037226e-01
0.000000000000000000e+00,8.252717356716572361e-01,6.639022914020731303e-01
0.000000000000000000e+00,7.492331055296870268e-01,9.883780700350883741e-01
0.000000000000000000e+00,8.358002819763206137e-01,7.376027126822629620e-01
0.000000000000000000e+00,6.996198298267917171e-01,2.266640781749901246e-01
0.000000000000000000e+00,4.950133131567984179e-01,9.152830382787771057e-01
0.000000000000000000e+00,7.232184774316956499e-01,1.737117271168127086e-01
0.000000000000000000e+00,7.257747979088455814e-01,6.316542308018471275e-01
0.000000000000000000e+00,4.081783180453398274e-01,2.969084017082844751e-01
0.000000000000000000e+00,6.513864909911590839e-01,8.446235480682732222e-01
0.000000000000000000e+00,4.140253718647676773e-01,2.924724857750687912e-01
0.000000000000000000e+00,9.882077566099688459e-01,6.942054571722051648e-01
0.000000000000000000e+00,8.275232919304917889e-01,3.223162716241340098e-01
0.000000000000000000e+00,8.679277345916953657e-01,3.662244687619811145e-01
0.000000000000000000e+00,8.116436342127582027e-01,8.949649367912038134e-02
0.000000000000000000e+00,7.192420832026585886e-01,3.958053573162519934e-01
0.000000000000000000e+00,9.216905926194550736e-01,9.801060437155193483e-01
0.000000000000000000e+00,6.167951871608123859e-01,1.289396816825804093e-01
0.000000000000000000e+00,6.944636181370036354e-01,7.951615552273078036e-01
0.000000000000000000e+00,6.030528542314266272e-01,3.628414066561199691e-01
0.000000000000000000e+00,9.682379162604922707e-01,9.682210904674294349e-01
0.000000000000000000e+00,5.613685362709510684e-01,2.179470483088882249e-01
0.000000000000000000e+00,4.934328713397050370e-01,7.280595702195062913e-01
0.000000000000000000e+00,8.857279840009247840e-01,7.852277655392816413e-01
0.000000000000000000e+00,5.120095516859479723e-01,6.101556039827852329e-01
0.000000000000000000e+00,9.316959867194525291e-01,2.057996767579000075e-01
0.000000000000000000e+00,9.439221397813022385e-01,8.884130885695284974e-01
0.000000000000000000e+00,5.887845002366400848e-01,7.467425526316766593e-01
0.000000000000000000e+00,5.081258663321208680e-01,7.288153923126525768e-01
0.000000000000000000e+00,4.848063443038618248e-01,3.995093071447493038e-01
0.000000000000000000e+00,7.371565233817336527e-01,8.257985062236133933e-01
0.000000000000000000e+00,7.243719563529407157e-01,3.825370773329107577e-01
0.000000000000000000e+00,4.618264098467897427e-01,1.713131793861161212e-01
0.000000000000000000e+00,4.467167393749754689e-01,7.049512577385154133e-01
1.000000000000000000e+00,3.131254320593020446e-01,4.188100336193639750e-01
0.000000000000000000e+00,8.893381640393767107e-01,5.913573843489494664e-02
0.000000000000000000e+00,4.892084567841231690e-01,9.139268629096042318e-02
0.000000000000000000e+00,4.773555595822440711e-01,4.379129227880266262e-01
1.000000000000000000e+00,4.138549517958560742e-01,6.090447085320398468e-01
0.000000000000000000e+00,6.195271770575916381e-01,1.550605187179060485e-01
0.000000000000000000e+00,9.086591459221999845e-01,9.202965787970743827e-01
0.000000000000000000e+00,4.454198436620942503e-01,9.414695451230205014e-01
0.000000000000000000e+00,4.444342448089808606e-01,2.061465012979238898e-01
0.000000000000000000e+00,4.145415415045742291e-01,1.662966471036017024e-01
0.000000000000000000e+00,7.985110088192776123e-01,9.965899574917764792e-01
0.000000000000000000e+00,7.795418562584206512e-01,4.591055741481071539e-01
0.000000000000000000e+00,6.316722061090229712e-01,4.774628087770312890e-01
0.000000000000000000e+00,8.152732829936661929e-01,9.632543225472283144e-01
0.000000000000000000e+00,9.956002198845173012e-01,1.026950281123290010e-01
1.000000000000000000e+00,4.162243291618965557e-01,4.699681991140713944e-02
0.000000000000000000e+00,4.925545663716920375e-01,7.056623903928899155e-01
0.000000000000000000e+00,6.487961120554124328e-01,2.978450493398876464e-02
0.000000000000000000e+00,4.376792718557700468e-01,8.216477947610236754e-01
1.000000000000000000e+00,3.084646896091701174e-01,3.589389357438365069e-01
0.000000000000000000e+00,5.996296790989634751e-01,5.047430246843481738e-01
0.000000000000000000e+00,5.393235459435696821e-01,5.570750127481246539e-01
1.000000000000000000e+00,1.714385608334766109e-01,3.589275874997278626e-01
0.000000000000000000e+00,8.742638457645863781e-01,6.365946440851393273e-01
0.000000000000000000e+00,8.757019621078399041e-01,4.381011447561385941e-01
0.000000000000000000e+00,8.332471817413582560e-01,7.379710026312773508e-01
1.000000000000000000e+00,1.129444869298936449e-01,7.797101964349871794e-01
0.000000000000000000e+00,4.965912490280317004e-01,4.984184364254964361e-01
0.000000000000000000e+00,4.751567358299016997e-01,1.062905399226855563e-01
0.000000000000000000e+00,4.600453055313551420e-01,1.526529201655781876e-01
0.000000000000000000e+00,9.504976151037727305e-01,2.264793463536202145e-01
0.000000000000000000e+00,5.656296531563043128e-01,6.335800929575462481e-01
0.000000000000000000e+00,7.591833463326094211e-01,7.271099283944737479e-01
0.000000000000000000e+00,4.899441303838218964e-01,4.196937084420693242e-02
1.000000000000000000e+00,2.925299989233445808e-01,9.818631151865617746e-01
0.000000000000000000e+00,4.495424572242919248e-01,2.529790572218054701e-01
0.000000000000000000e+00,9.866210819103201635e-01,7.483840593817719933e-01
0.000000000000000000e+00,8.643114121252344351e-01,2.320942866548528771e-01
0.000000000000000000e+00,4.584030777702525206e-01,8.114608628868738016e-01
0.000000000000000000e+00,7.279192271441110584e-01,3.309621509720170884e-01
0.000000000000000000e+00,5.822238642627426408e-01,3.409830371455986331e-01
0.000000000000000000e+00,6.189792597152753428e-01,8.710456019063389510e-01
0.000000000000000000e+00,6.725301734436929246e-01,1.183090371719374145e-01
0.000000000000000000e+00,8.449205518897602296e-01,8.958234719373683319e-01
0.000000000000000000e+00,8.070337282529034262e-01,9.400318434755710051e-01
0.000000000000000000e+00,8.164445742481249990e-01,5.370690406131037875e-01
0.000000000000000000e+00,9.016700983003673731e-01,1.230086527205385138e-01
0.000000000000000000e+00,6.264574514332797994e-01,5.834081195741189774e-01
0.000000000000000000e+00,6.733704430191751467e-01,8.998478419637506720e-01
0.000000000000000000e+00,6.464371464248781507e-01,8.252962448643565985e-01
0.000000000000000000e+00,5.956418829872408560e-01,9.597105520397029021e-01
1.000000000000000000e+00,7.636285180634851122e-02,6.698502403106558756e-01
0.000000000000000000e+00,6.883183725743146075e-01,2.654358261244046391e-01
0.000000000000000000e+00,9.130755147158094998e-01,2.743317227729302754e-02
0.000000000000000000e+00,7.124246024949589806e-01,7.852922793653324129e-01
0.000000000000000000e+00,9.020864104869551481e-01,4.297941634566530000e-01
1.000000000000000000e+00,3.024470109303379894e-01,3.686151850685809306e-01
0.000000000000000000e+00,6.428308566617615405e-01,1.342984606553265792e-02
0.000000000000000000e+00,4.306071375412187652e-01,5.240228761459966300e-01
0.000000000000000000e+00,5.190490687047637497e-01,7.119712294600366587e-01
0.000000000000000000e+00,6.048131759310075850e-01,7.861324268243221614e-01
1.000000000000000000e+00,2.231650859838571199e-01,8.831045567019913944e-01
0.000000000000000000e+00,9.043756104848981181e-01,3.168784719541052342e-01
0.000000000000000000e+00,4.310097143073764459e-01,2.658026391469667793e-01
0.000000000000000000e+00,8.502837537274379187e-01,8.242245108609012050e-01
0.000000000000000000e+00,8.458175794837199390e-01,7.596331578225812287e-01
0.000000000000000000e+00,7.059553717816644536e-01,5.341384113787799315e-01
0.000000000000000000e+00,9.737372214123695136e-01,6.027752363081546605e-01
0.000000000000000000e+00,7.976589311580513098e-01,5.613716269965761674e-01
1.000000000000000000e+00,3.781240872269368558e-01,9.407913596848327398e-02
0.000000000000000000e+00,4.288134614973166947e-01,9.942855974001963970e-01
0.000000000000000000e+00,5.405544535401746176e-01,9.390919249890394838e-01
0.000000000000000000e+00,7.702852208326436134e-01,2.345919809422806201e-01
1.000000000000000000e+00,1.084385114869129835e-01,3.731010995921940632e-01
0.000000000000000000e+00,5.964562864656103303e-01,6.002243378171003840e-01
0.000000000000000000e+00,9.707296298637003718e-01,2.202777333165515383e-01
0.000000000000000000e+00,8.584560821715285783e-01,1.038140081134029113e-01
0.000000000000000000e+00,4.728948861453023400e-01,8.880957919953463842e-01
0.000000000000000000e+00,4.494107997706832114e-01,3.878619096682345280e-01
0.000000000000000000e+00,9.815346044957334870e-01,7.782367981732188911e-01
0.000000000000000000e+00,4.190996521159714439e-01,6.179246422277275830e-01
0.000000000000000000e+00,8.975996442564840860e-01,8.915908247262109843e-01
1.000000000000000000e+00,5.543067070091525217e-01,5.394510642230032627e-02
0.000000000000000000e+00,4.966438354820395529e-01,1.434815638854648467e-01
0.000000000000000000e+00,9.394541629149910644e-01,3.541471191198750645e-01
0.000000000000000000e+00,4.506617636820576256e-01,6.121163133912498333e-01
1.000000000000000000e+00,4.615057703776156428e-01,8.901555929504165743e-01
0.000000000000000000e+00,8.898356369007152100e-01,6.328306256832668675e-01
0.000000000000000000e+00,5.269902311586405208e-01,5.613480335286987755e-01
0.000000000000000000e+00,5.847083917021231869e-01,5.135412259389742218e-01
0.000000000000000000e+00,7.800171642238111769e-01,9.840788819291856893e-01
1.000000000000000000e+00,3.752412908345530984e-01,6.486367890945170522e-01
0.000000000000000000e+00,6.753136400846257992e-01,2.922693819688868544e-01
0.000000000000000000e+00,5.235761544593091621e-01,7.446571088505036240e-01
0.000000000000000000e+00,6.728229238604601647e-01,7.101828559485179326e-02
0.000000000000000000e+00,4.280966814192071479e-01,1.926239829294210670e-01
0.000000000000000000e+00,7.738912753254825194e-01,2.571880868750938687e-01
1.000000000000000000e+00,4.368287428372296666e-01,9.205625475276485448e-01
1.000000000000000000e+00,6.906664651930757848e-02,5.431066327331235399e-01
0.000000000000000000e+00,4.064484863968698125e-01,3.961169853495715154e-01
0.000000000000000000e+00,6.970275024286667342e-01,6.608074849212349777e-01
0.000000000000000000e+00,6.026101722681158623e-01,7.880351081702330340e-02
0.000000000000000000e+00,9.895395337112478096e-01,1.625022735769632298e-02
0.000000000000000000e+00,4.954275005495723527e-01,4.226212090911839470e-01
0.000000000000000000e+00,9.843819062173253531e-01,8.539270559777578651e-01
0.000000000000000000e+00,8.920123013709491122e-01,5.179170471622673855e-02
0.000000000000000000e+00,9.912842416159619585e-01,6.509719658601331727e-01
1.000000000000000000e+00,3.037562196855411178e-01,4.721135854565128298e-01
0.000000000000000000e+00,6.400445216653048996e-01,5.784837401485113384e-01
1.000000000000000000e+00,4.748716902965272602e-01,7.906852012852172429e-02
0.000000000000000000e+00,5.263718865995673513e-01,4.849633458850464152e-01
1.000000000000000000e+00,3.524156948278409640e-01,9.840272457799354999e-01
0.000000000000000000e+00,5.833746951193244934e-01,3.859277349759467901e-01
1.000000000000000000e+00,4.547599004091185115e-01,4.565402737977940495e-01
0.000000000000000000e+00,9.365343329236665015e-01,5.878894685048697832e-01
0.000000000000000000e+00,4.162700634371763186e-01,9.074503284791927138e-01
0.000000000000000000e+00,9.606571651537808565e-01,1.052671303821233195e-01
0.000000000000000000e+00,7.714919862314764121e-01,8.051458215117213157e-03
0.000000000000000000e+00,7.787457276409697204e-01,2.432044046956178818e-01
0.000000000000000000e+00,5.592120414986780919e-01,6.274296519528187455e-01
0.000000000000000000e+00,7.235007635904877610e-01,6.802567597238329267e-01
0.000000000000000000e+00,7.308785003137030500e-01,3.309960316989019047e-01
0.000000000000000000e+00,8.607384389113852396e-01,3.305397066423225727e-01
0.000000000000000000e+00,6.249170383723895439e-01,2.336092151895328151e-01
0.000000000000000000e+00,4.986658991932894636e-01,6.086318700275002991e-01
0.000000000000000000e+00,8.184880164721611839e-01,5.398259868003753015e-01
0.000000000000000000e+00,5.941797189198869678e-01,5.645591096761547467e-01
0.000000000000000000e+00,5.711028537847649966e-01,3.612024303042974394e-01
0.000000000000000000e+00,4.699247041818577775e-01,1.607304188256031274e-02
0.000000000000000000e+00,4.460250556337022054e-01,5.008921839869944215e-01
0.000000000000000000e+00,7.040505753627805952e-01,1.012156119122910036e-01
0.000000000000000000e+00,6.643025659165298080e-01,2.837597993900597970e-02
0.000000000000000000e+00,4.731098163451740168e-01,7.032820598707845150e-02
0.000000000000000000e+00,4.239330654807297871e-01,6.616540667865552505e-01
0.000000000000000000e+00,7.374542097300560428e-01,7.662264859913059389e-03
0.000000000000000000e+00,9.722886416771625573e-01,1.574415656310346190e-01
0.000000000000000000e+00,6.882787028607462165e-01,4.007577391223954288e-01
0.000000000000000000e+00,6.269190073428698717e-01,3.447628705199328181e-01
0.000000000000000000e+00,8.543792483327765641e-01,5.802492301679316178e-01
0.000000000000000000e+00,9.619743737879395962e-01,5.568075193743429185e-01
0.000000000000000000e+00,7.412907744540087052e-01,1.754398664371725758e-01
1.000000000000000000e+00,2.684606316016052707e-01,9.029629219507451232e-01
0.000000000000000000e+00,7.084339613304861949e-01,5.640230723261903112e-01
0.000000000000000000e+00,9.313386045710765337e-01,5.048638657603161661e-01
0.000000000000000000e+00,8.808095124988710722e-01,7.196523076849380418e-01
0.000000000000000000e+00,7.107844181504149317e-01,3.033120083199420947e-01
0.000000000000000000e+00,4.237148096564475885e-01,3.890893581398450207e-01
0.000000000000000000e+00,6.625579234765214265e-01,4.487269289859274757e-02
0.000000000000000000e+00,5.312947688238314203e-01,9.506269354467496990e-01
0.000000000000000000e+00,4.673270626125031191e-01,5.963988259284741522e-01
0.000000000000000000e+00,8.745284457184752114e-01,5.664977349668995910e-01
0.000000000000000000e+00,7.164409622153211643e-01,4.390926255938900624e-01
1.000000000000000000e+00,4.597948060566232203e-02,3.955335847345192724e-01
0.000000000000000000e+00,7.183918489756380144e-01,5.271001318360716281e-01
0.000000000000000000e+00,5.755707929647199128e-01,8.745165197550386349e-02
0.000000000000000000e+00,7.011227587693682484e-01,1.407854650173460120e-01
0.000000000000000000e+00,6.793670737679466942e-01,6.229635304612491931e-01
1.000000000000000000e+00,3.710445288832677213e-01,4.714151727752814436e-01
0.000000000000000000e+00,4.510199520119510530e-01,3.207783568220963222e-01
0.000000000000000000e+00,9.899963221953328452e-01,6.700586603299993893e-01
0.000000000000000000e+00,5.677496919833913136e-01,4.582238536781158000e-01
0.000000000000000000e+00,4.271541925130796780e-01,8.249431650867837806e-01
0.000000000000000000e+00,6.593180667520803784e-01,9.729484795936412800e-01
0.000000000000000000e+00,9.745254628023195531e-01,2.509799071543756810e-01
0.000000000000000000e+00,5.290992035536471461e-01,8.157228131846663288e-01
0.000000000000000000e+00,5.933097925955655993e-01,4.962461218254928808e-01
0.000000000000000000e+00,9.366804655477847241e-01,8.750681850764640002e-01
0.000000000000000000e+00,8.052854070359476424e-01,6.693644257009669918e-01
0.000000000000000000e+00,8.476246517362180377e-01,9.097413909577134472e-02
1.000000000000000000e+00,3.294088293024761277e-02,2.382447424768705524e-01
0.000000000000000000e+00,4.618105410507404307e-01,4.228244495689660321e-01
0.000000000000000000e+00,5.598887113861747977e-01,7.246344473396777452e-01
0.000000000000000000e+00,7.449492509827144726e-01,1.391181999109766254e-01
0.000000000000000000e+00,4.220026000664616195e-01,5.015782134943802539e-03
0.000000000000000000e+00,7.715723768488171874e-01,1.890791383879327769e-01
0.000000000000000000e+00,8.282110825309803026e-01,2.109942395777579804e-01
0.000000000000000000e+00,9.869049958294180414e-01,3.957652672778469993e-01
0.000000000000000000e+00,9.956467351955029521e-01,1.629255229907575764e-01
0.000000000000000000e+00,6.882124862415113231e-01,1.608763223367548623e-02
0.000000000000000000e+00,8.537478195772171263e-01,4.884487153867957954e-01
0.000000000000000000e+00,7.813865252511109638e-01,4.617220414375459159e-01
0.000000000000000000e+00,5.334598538704526938e-01,6.557640797207260341e-01
0.000000000000000000e+00,6.264475848876798203e-01,8.358344316547564601e-01
0.000000000000000000e+00,8.007496339695089338e-01,1.729388428448513926e-01
0.000000000000000000e+00,6.969049210981219655e-01,5.694028320769944918e-01
0.000000000000000000e+00,5.650317047614579202e-01,9.632079886380928713e-01
0.000000000000000000e+00,8.338258089969128317e-01,5.109750730407742747e-01
0.000000000000000000e+00,7.784779008274389511e-01,1.821679999878276224e-01
0.000000000000000000e+00,6.743923089131607096e-01,2.913298220626145962e-01
0.000000000000000000e+00,9.812723211584788441e-01,7.376718144751220896e-01
0.000000000000000000e+00,7.026484122161753554e-01,2.545455505539779839e-01
0.000000000000000000e+00,4.704050120174156357e-01,7.251659861296637644e-01
0.000000000000000000e+00,6.742036894718381745e-01,9.159472759439074574e-01
0.000000000000000000e+00,8.445337276100909341e-01,4.890415655957354168e-01
0.000000000000000000e+00,4.807008112414934975e-01,9.539464253307103903e-01
0.000000000000000000e+00,8.265111754300970004e-01,8.214510458295656292e-01
0.000000000000000000e+00,4.745917845729924478e-01,1.651140118822963521e-01
0.000000000000000000e+00,4.208082820841443361e-01,6.837282226125293016e-01
0.000000000000000000e+00,7.687480047938601846e-01,7.229847053689086867e-01
0.000000000000000000e+00,9.624769344881217714e-01,9.840276518777280046e-03
1.000000000000000000e+00,5.252326510177009883e-02,9.266814832661941503e-01
0.000000000000000000e+00,7.783043172317420932e-01,8.977874353127918150e-01
0.000000000000000000e+00,8.415293500769314150e-01,6.094279126774021504e-01
0.000000000000000000e+00,9.247662891636717619e-01,8.859803364891885025e-01
0.000000000000000000e+00,5.822319356270652113e-01,4.392067813410310828e-01
0.000000000000000000e+00,4.006302431505121553e-01,7.158034762619974734e-01
0.000000000000000000e+00,7.322663518754737311e-01,3.349968425774900727e-01
